{"cameraMode":{"drawMode":0,"name":"Shaded","section":"Shading Mode"},"sceneLighting":true,"audioPlay":false,"sceneViewState":{"showFog":true,"showMaterialUpdate":false,"showSkybox":true,"showFlares":true,"showImageEffects":true,"showParticleSystems":true},"in2DMode":false,"pivot":{"x":-4.247034072875977,"y":-1.5582685470581055,"z":-0.4179353713989258},"rotation":{"x":-0.001196436583995819,"y":0.8963574171066284,"z":-0.4433286190032959,"w":-0.0024192871060222389},"size":8.117935180664063,"orthographic":false}