{"cameraMode":{"drawMode":0,"name":"Shaded","section":"Shading Mode"},"sceneLighting":true,"audioPlay":false,"sceneViewState":{"showFog":true,"showMaterialUpdate":false,"showSkybox":true,"showFlares":true,"showImageEffects":true,"showParticleSystems":true},"in2DMode":false,"pivot":{"x":3.2100000381469728,"y":1.0,"z":3.2699999809265138},"rotation":{"x":-0.014829622581601143,"y":0.9522997140884399,"z":-0.30117732286453249,"w":-0.04689004644751549},"size":4.524744987487793,"orthographic":false}